{"FKRoot_M": {"translation": [0.0, 0.0, 0.0], "rotation": [2.0527795411656697, 39.58421272961216, -2.368693609558121]}, "Fingers_L": {"translation": [78.44493652265297, 183.39334973792484, -23.702748916284996], "rotation": [-86.43439421422937, -3.2374758519486906, -9.73315739995595]}, "Fingers_R": {"translation": [-67.18869603034742, 66.1676586909324, 4.631538237520527], "rotation": [73.17174648627906, -14.460701539207118, -90.54416115148932]}}