{"FKSpine1_M": {"translation": [0.0, 0.0, 0.0], "rotation": [0.0, 0.0, 54.61665371054848]}, "Fingers_L": {"translation": [94.54344189685477, 147.3051299117824, -47.73504542628671], "rotation": [-41.29534621822327, 31.414754359110823, -40.927324973719806]}, "Fingers_R": {"translation": [-94.54344130909783, 147.30513114992854, -47.73504695058905], "rotation": [41.295346965749076, 31.414755186117482, -139.0726756726256]}}