{"FKShoulder_L": {"translation": [0.0, 0.0, 0.0], "rotation": [69.54768691154898, -64.7465200844612, 61.90293631063234]}, "FKShoulder_R": {"translation": [0.0, 0.0, 0.0], "rotation": [63.83886317626118, -75.25104575869264, 113.04093408693637]}, "FKSpine1_M": {"translation": [0.0, 0.0, 0.0], "rotation": [0.0, -0.3773984032466673, 0.0]}, "Fingers_L": {"translation": [112.43653425821648, 250.17994153698083, -35.55574168857037], "rotation": [-85.7871320083053, 5.993990950412574, 31.67907770103099]}, "Fingers_R": {"translation": [-81.53441574270971, 252.46312645826913, 55.750144415743655], "rotation": [76.7366966849274, -48.95284637445668, 136.48535914099244]}}