{"FKElbow_L": {"translation": [0.0, 0.0, 0.0], "rotation": [0.0, 0.0, 40.1044940903593]}, "FKShoulder_R": {"translation": [0.0, 0.0, 0.0], "rotation": [-53.05550303548451, 0.0, 0.0]}, "Fingers_L": {"translation": [89.12179152417953, 139.3949364403972, 19.693719243870955], "rotation": [-84.58318864624192, -47.47938372448407, -36.66537659261203]}, "Fingers_R": {"translation": [-85.6251599192512, 114.84612488592383, -11.794611721585946], "rotation": [26.89053712675923, -4.248425372430834, -118.67263285086183]}}