{"FKChest_M": {"translation": [0.0, 0.0, 0.0], "rotation": [38.91823986142709, 0.0, 0.0]}, "Fingers_L": {"translation": [73.6450522232028, 119.65974270304467, -68.72709577352347], "rotation": [-109.92050023369882, 16.18910794202309, -52.77031759595267]}, "Fingers_R": {"translation": [-73.4727126255574, 124.03681532481149, 49.978649250507324], "rotation": [46.152851863695446, -32.057563039297236, -119.88862305535766]}}