{"FKHip_L": {"translation": [0.0, 0.0, 0.0], "rotation": [7.650284045129809, -51.956524861569086, 0.8335418468337559]}, "FKHip_R": {"translation": [0.0, 0.0, 0.0], "rotation": [3.08289310550093, -65.97631464871691, -7.2958230098951065]}}